id,subject,category,rating,comment
1,Computer Science,Course Content,5,The hands-on Python programming modules were very practical and engaging.
2,Mathematics,Instructor,2,The lectures were too fast and hard to follow without more worked examples.
3,Data Science,Difficulty,4,Good material but the midterm exam was much harder than the practice quizzes.
4,Computer Science,Support,5,Teaching assistants were super helpful during office hours.
5,AI & ML,Course Content,5,Loved learning about modern LLMs and neural networks!
6,Mathematics,Instructor,4,Clear explanations for complex calculus topics. Highly recommended.
7,Data Science,Course Content,1,The reading material felt outdated and contained several formatting errors.
8,AI & ML,Difficulty,3,Interesting concepts but requires a heavy math background to understand completely.
9,Web Development,Course Content,5,Building real web apps using Streamlit and JavaScript was super fun!
10,Web Development,Support,4,Great community feedback and active discussion forum.
11,Web Development,Course,5,Great community feedback and active discussion forum.